{
  "Author": "Tischel, ArchiTed, Kirbo",
  "Name": "ActionTimelineEx",
  "InternalName": "ActionTimelineEx",
  "AssemblyVersion": "1.3.7.1",
  "Description": "Configurable timeline display of all the actions you use.",
  "ApplicableVersion": "any",
  "DalamudApiLevel": 9,
  "LoadRequiredState": 0,
  "LoadSync": false,
  "CanUnloadAsync": false,
  "LoadPriority": 0,
  "ImageUrls": [
    "https://github.com/BrakusTapus/ActionTimelineEx/blob/c0f9e209e1b0aac6543e786bba3809dd3441dd95/Images/banner.png"
  ],
  "IconUrl": "https://github.com/BrakusTapus/ActionTimelineEx/blob/c0f9e209e1b0aac6543e786bba3809dd3441dd95/Images/logo.png",
  "Punchline": "Show your actions in real-time.",
  "AcceptsFeedback": true
}